<?xml version="1.0" encoding="UTF-8"?>
<feature
      id="org.topcased.ocl.feature"
      label="%featureName"
      version="4.3.0.201110131418"
      provider-name="%providerName">

   <description url="%license">
      %description
   </description>

   <copyright url="%copyrightURL">
      %copyright
   </copyright>

   <license url="%licenseURL">
      %license
   </license>

   <requires>
      <import plugin="org.eclipse.help"/>
      <import plugin="org.eclipse.ui.ide"/>
      <import plugin="org.eclipse.ui.editors"/>
      <import plugin="org.eclipse.ui.workbench.texteditor"/>
      <import plugin="org.eclipse.pde.ui"/>
      <import plugin="org.eclipse.emf.edit.ui"/>
      <import plugin="org.eclipse.core.runtime"/>
      <import plugin="org.eclipse.ocl.ecore"/>
      <import plugin="org.eclipse.core.resources"/>
      <import plugin="org.eclipse.core.expressions"/>
      <import plugin="org.eclipse.ui.forms"/>
      <import plugin="org.eclipse.emf.converter"/>
      <import plugin="org.topcased.bus.core"/>
      <import plugin="org.eclipse.ocl.uml"/>
      <import plugin="org.eclipse.emf.edit"/>
      <import plugin="org.eclipse.jface.text"/>
      <import plugin="org.eclipse.ui"/>
      <import plugin="org.eclipse.emf.ecore.edit"/>
      <import plugin="org.eclipse.ocl"/>
      <import plugin="org.topcased.facilities"/>
      <import plugin="org.eclipse.acceleo.engine"/>
      <import plugin="org.eclipse.swt"/>
      <import plugin="org.eclipse.jface"/>
      <import plugin="org.eclipse.emf.ecore"/>
      <import plugin="org.eclipse.emf.ecore.xmi"/>
      <import plugin="org.eclipse.emf.validation"/>
   </requires>

   <plugin
         id="org.topcased.doc.user.vf"
         download-size="0"
         install-size="0"
         version="2.6.0.201110131418"
         unpack="false"/>

   <plugin
         id="org.topcased.editors.ocleditor"
         download-size="0"
         install-size="0"
         version="3.0.4.201110131418"
         unpack="false"/>

   <plugin
         id="org.topcased.ocl"
         download-size="0"
         install-size="0"
         version="3.3.1.201110131418"
         unpack="false"/>

   <plugin
         id="org.topcased.ocl.batch"
         download-size="0"
         install-size="0"
         version="3.2.0.201110131418"
         unpack="false"/>

   <plugin
         id="org.topcased.ocl.checker"
         download-size="0"
         install-size="0"
         version="3.1.8.201110131418"
         unpack="false"/>

   <plugin
         id="org.topcased.ocl.checker.ui"
         download-size="0"
         install-size="0"
         version="3.1.7.201110131418"
         unpack="false"/>

   <plugin
         id="org.topcased.ocl.common"
         download-size="0"
         install-size="0"
         version="3.2.2.201110131418"
         unpack="false"/>

   <plugin
         id="org.topcased.ocl.evaluator"
         download-size="0"
         install-size="0"
         version="3.2.1.201110131418"
         unpack="false"/>

   <plugin
         id="org.topcased.ocl.reporting"
         download-size="0"
         install-size="0"
         version="3.2.1.201110131418"
         unpack="false"/>

   <plugin
         id="org.topcased.ocl.reporting.ui"
         download-size="0"
         install-size="0"
         version="3.2.1.201110131418"
         unpack="false"/>

   <plugin
         id="org.topcased.ocl.resultmodel"
         download-size="0"
         install-size="0"
         version="3.0.1.201110131418"
         unpack="false"/>

   <plugin
         id="org.topcased.validation.core"
         download-size="0"
         install-size="0"
         version="3.0.1.201110131418"
         unpack="false"/>

   <plugin
         id="org.topcased.validation.emft"
         download-size="0"
         install-size="0"
         version="2.5.1.201110131418"
         unpack="false"/>

   <plugin
         id="org.topcased.validation.ocl"
         download-size="0"
         install-size="0"
         version="3.0.1.201110131418"
         unpack="false"/>

   <plugin
         id="org.topcased.validation.ui"
         download-size="0"
         install-size="0"
         version="2.5.2.201110131418"
         unpack="false"/>

</feature>
